;;;;;;;;;;;;;;;;;;;;;;;
algorithm;dataset;k;qids;weighted;iterations;eliteFraction;crossoverFraction;productionFraction;mutationProbability;immigrationFraction;immigrationInterval;subpopulationSize;trianglePattern;dualPopulation;timeLimit;stepLimit;limitByOptimalLoss;batchNumber;time;externalUtility;internalUtility;tuningParameter;tuningValue
BEST_EFFORT_GENETIC;ADULT;5;0;false;2147483647;0.2;0.4;0.8;0.05;0.2;10;100;true;true;300000;2147483647;true;1;472;0.7296212378705822;0;eliteFraction;0.2
BEST_EFFORT_GENETIC;ADULT;5;0;false;2147483647;0.4;0.4;0.8;0.05;0.2;10;100;true;true;300000;2147483647;true;1;476;0.7296212378705822;0;eliteFraction;0.4
BEST_EFFORT_GENETIC;ADULT;5;0;false;2147483647;0.6;0.4;0.8;0.05;0.2;10;100;true;true;300000;2147483647;true;1;362;0.7296212378705822;0;eliteFraction;0.6
BEST_EFFORT_GENETIC;ADULT;5;0;false;2147483647;0.8;0.4;0.8;0.05;0.2;10;100;true;true;300000;2147483647;true;1;392;0.7296212378705822;0;eliteFraction;0.8
BEST_EFFORT_GENETIC;ADULT;5;0;false;2147483647;0.2;0.2;0.8;0.05;0.2;10;100;true;true;300000;2147483647;true;1;303;0.7296212378705822;0;crossOverFraction;0.2
BEST_EFFORT_GENETIC;ADULT;5;0;false;2147483647;0.2;0.4;0.8;0.05;0.2;10;100;true;true;300000;2147483647;true;1;351;0.7296212378705822;0;crossOverFraction;0.4
BEST_EFFORT_GENETIC;ADULT;5;0;false;2147483647;0.2;0.6;0.8;0.05;0.2;10;100;true;true;300000;2147483647;true;1;134;0.7296212378705822;0;crossOverFraction;0.6
BEST_EFFORT_GENETIC;ADULT;5;0;false;2147483647;0.2;0.8;0.8;0.05;0.2;10;100;true;true;300000;2147483647;true;1;450;0.7296212378705822;0;crossOverFraction;0.8
BEST_EFFORT_GENETIC;ADULT;5;0;false;2147483647;0.2;0.4;0.2;0.05;0.2;10;100;true;true;300000;2147483647;true;1;291;0.7296212378705822;0;productionFraction;0.2
BEST_EFFORT_GENETIC;ADULT;5;0;false;2147483647;0.2;0.4;0.4;0.05;0.2;10;100;true;true;300000;2147483647;true;1;344;0.7296212378705822;0;productionFraction;0.4
BEST_EFFORT_GENETIC;ADULT;5;0;false;2147483647;0.2;0.4;0.6;0.05;0.2;10;100;true;true;300000;2147483647;true;1;344;0.7296212378705822;0;productionFraction;0.6
BEST_EFFORT_GENETIC;ADULT;5;0;false;2147483647;0.2;0.4;0.8;0.05;0.2;10;100;true;true;300000;2147483647;true;1;444;0.7296212378705822;0;productionFraction;0.8
BEST_EFFORT_GENETIC;ADULT;5;0;false;2147483647;0.2;0.4;0.8;0.025;0.2;10;100;true;true;300000;2147483647;true;1;481;0.7296212378705822;0;mutationProbability;0.025
BEST_EFFORT_GENETIC;ADULT;5;0;false;2147483647;0.2;0.4;0.8;0.05;0.2;10;100;true;true;300000;2147483647;true;1;464;0.7296212378705822;0;mutationProbability;0.05
BEST_EFFORT_GENETIC;ADULT;5;0;false;2147483647;0.2;0.4;0.8;0.1;0.2;10;100;true;true;300000;2147483647;true;1;169;0.7296212378705822;0;mutationProbability;0.1
BEST_EFFORT_GENETIC;ADULT;5;0;false;2147483647;0.2;0.4;0.8;0.05;0.2;10;100;true;true;300000;2147483647;true;1;356;0.7296212378705822;0;immigrationFraction;0.2
BEST_EFFORT_GENETIC;ADULT;5;0;false;2147483647;0.2;0.4;0.8;0.05;0.4;10;100;true;true;300000;2147483647;true;1;458;0.7296212378705822;0;immigrationFraction;0.4
BEST_EFFORT_GENETIC;ADULT;5;0;false;2147483647;0.2;0.4;0.8;0.05;0.6;10;100;true;true;300000;2147483647;true;1;254;0.7296212378705822;0;immigrationFraction;0.6
BEST_EFFORT_GENETIC;ADULT;5;0;false;2147483647;0.2;0.4;0.8;0.05;0.8;10;100;true;true;300000;2147483647;true;1;318;0.7296212378705822;0;immigrationFraction;0.8
BEST_EFFORT_GENETIC;ADULT;5;0;false;2147483647;0.2;0.4;0.8;0.05;0.2;5;100;true;true;300000;2147483647;true;1;334;0.7296212378705822;0;immigrationInterval;5
BEST_EFFORT_GENETIC;ADULT;5;0;false;2147483647;0.2;0.4;0.8;0.05;0.2;10;100;true;true;300000;2147483647;true;1;373;0.7296212378705822;0;immigrationInterval;10
BEST_EFFORT_GENETIC;ADULT;5;0;false;2147483647;0.2;0.4;0.8;0.05;0.2;20;100;true;true;300000;2147483647;true;1;40;0.7296212378705822;0;immigrationInterval;20
BEST_EFFORT_GENETIC;ADULT;5;0;false;2147483647;0.2;0.4;0.8;0.05;0.2;10;50;true;true;300000;2147483647;true;1;259;0.7296212378705822;0;subpopulationSize;50
BEST_EFFORT_GENETIC;ADULT;5;0;false;2147483647;0.2;0.4;0.8;0.05;0.2;10;100;true;true;300000;2147483647;true;1;461;0.7296212378705822;0;subpopulationSize;100
BEST_EFFORT_GENETIC;ADULT;5;0;false;2147483647;0.2;0.4;0.8;0.05;0.2;10;200;true;true;300000;2147483647;true;1;543;0.7296212378705822;0;subpopulationSize;200
BEST_EFFORT_GENETIC;ATUS;5;0;false;2147483647;0.2;0.4;0.8;0.05;0.2;10;100;true;true;300000;2147483647;true;1;6432;0.9000490313023302;0;eliteFraction;0.2
BEST_EFFORT_GENETIC;ATUS;5;0;false;2147483647;0.4;0.4;0.8;0.05;0.2;10;100;true;true;300000;2147483647;true;1;6194;0.9000490313023302;0;eliteFraction;0.4
BEST_EFFORT_GENETIC;ATUS;5;0;false;2147483647;0.6;0.4;0.8;0.05;0.2;10;100;true;true;300000;2147483647;true;1;4878;0.9000490313023302;0;eliteFraction;0.6
BEST_EFFORT_GENETIC;ATUS;5;0;false;2147483647;0.8;0.4;0.8;0.05;0.2;10;100;true;true;300000;2147483647;true;1;5544;0.9000490313023302;0;eliteFraction;0.8
BEST_EFFORT_GENETIC;ATUS;5;0;false;2147483647;0.2;0.2;0.8;0.05;0.2;10;100;true;true;300000;2147483647;true;1;6845;0.9000490313023302;0;crossOverFraction;0.2
BEST_EFFORT_GENETIC;ATUS;5;0;false;2147483647;0.2;0.4;0.8;0.05;0.2;10;100;true;true;300000;2147483647;true;1;6001;0.9000490313023302;0;crossOverFraction;0.4
BEST_EFFORT_GENETIC;ATUS;5;0;false;2147483647;0.2;0.6;0.8;0.05;0.2;10;100;true;true;300000;2147483647;true;1;4769;0.9000490313023302;0;crossOverFraction;0.6
BEST_EFFORT_GENETIC;ATUS;5;0;false;2147483647;0.2;0.8;0.8;0.05;0.2;10;100;true;true;300000;2147483647;true;1;6521;0.9000490313023302;0;crossOverFraction;0.8
BEST_EFFORT_GENETIC;ATUS;5;0;false;2147483647;0.2;0.4;0.2;0.05;0.2;10;100;true;true;300000;2147483647;true;1;4389;0.9000490313023302;0;productionFraction;0.2
BEST_EFFORT_GENETIC;ATUS;5;0;false;2147483647;0.2;0.4;0.4;0.05;0.2;10;100;true;true;300000;2147483647;true;1;5173;0.9000490313023302;0;productionFraction;0.4
BEST_EFFORT_GENETIC;ATUS;5;0;false;2147483647;0.2;0.4;0.6;0.05;0.2;10;100;true;true;300000;2147483647;true;1;4100;0.9000490313023302;0;productionFraction;0.6
BEST_EFFORT_GENETIC;ATUS;5;0;false;2147483647;0.2;0.4;0.8;0.05;0.2;10;100;true;true;300000;2147483647;true;1;6438;0.9000490313023302;0;productionFraction;0.8
BEST_EFFORT_GENETIC;ATUS;5;0;false;2147483647;0.2;0.4;0.8;0.025;0.2;10;100;true;true;300000;2147483647;true;1;5647;0.9000490313023302;0;mutationProbability;0.025
BEST_EFFORT_GENETIC;ATUS;5;0;false;2147483647;0.2;0.4;0.8;0.05;0.2;10;100;true;true;300000;2147483647;true;1;5093;0.9000490313023302;0;mutationProbability;0.05
BEST_EFFORT_GENETIC;ATUS;5;0;false;2147483647;0.2;0.4;0.8;0.1;0.2;10;100;true;true;300000;2147483647;true;1;3821;0.9000490313023302;0;mutationProbability;0.1
BEST_EFFORT_GENETIC;ATUS;5;0;false;2147483647;0.2;0.4;0.8;0.05;0.2;10;100;true;true;300000;2147483647;true;1;5959;0.9000490313023302;0;immigrationFraction;0.2
BEST_EFFORT_GENETIC;ATUS;5;0;false;2147483647;0.2;0.4;0.8;0.05;0.4;10;100;true;true;300000;2147483647;true;1;4665;0.9000490313023302;0;immigrationFraction;0.4
BEST_EFFORT_GENETIC;ATUS;5;0;false;2147483647;0.2;0.4;0.8;0.05;0.6;10;100;true;true;300000;2147483647;true;1;6264;0.9000490313023302;0;immigrationFraction;0.6
BEST_EFFORT_GENETIC;ATUS;5;0;false;2147483647;0.2;0.4;0.8;0.05;0.8;10;100;true;true;300000;2147483647;true;1;7490;0.9000490313023302;0;immigrationFraction;0.8
BEST_EFFORT_GENETIC;ATUS;5;0;false;2147483647;0.2;0.4;0.8;0.05;0.2;5;100;true;true;300000;2147483647;true;1;5889;0.9000490313023302;0;immigrationInterval;5
BEST_EFFORT_GENETIC;ATUS;5;0;false;2147483647;0.2;0.4;0.8;0.05;0.2;10;100;true;true;300000;2147483647;true;1;7222;0.9000490313023302;0;immigrationInterval;10
BEST_EFFORT_GENETIC;ATUS;5;0;false;2147483647;0.2;0.4;0.8;0.05;0.2;20;100;true;true;300000;2147483647;true;1;6381;0.9000490313023302;0;immigrationInterval;20
BEST_EFFORT_GENETIC;ATUS;5;0;false;2147483647;0.2;0.4;0.8;0.05;0.2;10;50;true;true;300000;2147483647;true;1;5278;0.9000490313023302;0;subpopulationSize;50
BEST_EFFORT_GENETIC;ATUS;5;0;false;2147483647;0.2;0.4;0.8;0.05;0.2;10;100;true;true;300000;2147483647;true;1;6787;0.9000490313023302;0;subpopulationSize;100
BEST_EFFORT_GENETIC;ATUS;5;0;false;2147483647;0.2;0.4;0.8;0.05;0.2;10;200;true;true;300000;2147483647;true;1;9486;0.9000490313023302;0;subpopulationSize;200
BEST_EFFORT_GENETIC;IHIS;5;0;false;2147483647;0.2;0.4;0.8;0.05;0.2;10;100;true;true;300000;2147483647;true;1;13837;0.8209660559122881;0;eliteFraction;0.2
BEST_EFFORT_GENETIC;IHIS;5;0;false;2147483647;0.4;0.4;0.8;0.05;0.2;10;100;true;true;300000;2147483647;true;1;15053;0.8209660559122881;0;eliteFraction;0.4
BEST_EFFORT_GENETIC;IHIS;5;0;false;2147483647;0.6;0.4;0.8;0.05;0.2;10;100;true;true;300000;2147483647;true;1;11659;0.8209660559122881;0;eliteFraction;0.6
BEST_EFFORT_GENETIC;IHIS;5;0;false;2147483647;0.8;0.4;0.8;0.05;0.2;10;100;true;true;300000;2147483647;true;1;13840;0.8209660559122881;0;eliteFraction;0.8
BEST_EFFORT_GENETIC;IHIS;5;0;false;2147483647;0.2;0.2;0.8;0.05;0.2;10;100;true;true;300000;2147483647;true;1;17993;0.8209660559122881;0;crossOverFraction;0.2
BEST_EFFORT_GENETIC;IHIS;5;0;false;2147483647;0.2;0.4;0.8;0.05;0.2;10;100;true;true;300000;2147483647;true;1;15313;0.8209660559122881;0;crossOverFraction;0.4
BEST_EFFORT_GENETIC;IHIS;5;0;false;2147483647;0.2;0.6;0.8;0.05;0.2;10;100;true;true;300000;2147483647;true;1;21732;0.8209660559122881;0;crossOverFraction;0.6
BEST_EFFORT_GENETIC;IHIS;5;0;false;2147483647;0.2;0.8;0.8;0.05;0.2;10;100;true;true;300000;2147483647;true;1;21201;0.8209660559122881;0;crossOverFraction;0.8
BEST_EFFORT_GENETIC;IHIS;5;0;false;2147483647;0.2;0.4;0.2;0.05;0.2;10;100;true;true;300000;2147483647;true;1;9508;0.8209660559122881;0;productionFraction;0.2
BEST_EFFORT_GENETIC;IHIS;5;0;false;2147483647;0.2;0.4;0.4;0.05;0.2;10;100;true;true;300000;2147483647;true;1;12562;0.8209660559122881;0;productionFraction;0.4
BEST_EFFORT_GENETIC;IHIS;5;0;false;2147483647;0.2;0.4;0.6;0.05;0.2;10;100;true;true;300000;2147483647;true;1;16050;0.8209660559122881;0;productionFraction;0.6
BEST_EFFORT_GENETIC;IHIS;5;0;false;2147483647;0.2;0.4;0.8;0.05;0.2;10;100;true;true;300000;2147483647;true;1;19503;0.8209660559122881;0;productionFraction;0.8
BEST_EFFORT_GENETIC;IHIS;5;0;false;2147483647;0.2;0.4;0.8;0.025;0.2;10;100;true;true;300000;2147483647;true;1;22704;0.8209660559122881;0;mutationProbability;0.025
BEST_EFFORT_GENETIC;IHIS;5;0;false;2147483647;0.2;0.4;0.8;0.05;0.2;10;100;true;true;300000;2147483647;true;1;18058;0.8209660559122881;0;mutationProbability;0.05
BEST_EFFORT_GENETIC;IHIS;5;0;false;2147483647;0.2;0.4;0.8;0.1;0.2;10;100;true;true;300000;2147483647;true;1;22099;0.8209660559122881;0;mutationProbability;0.1
BEST_EFFORT_GENETIC;IHIS;5;0;false;2147483647;0.2;0.4;0.8;0.05;0.2;10;100;true;true;300000;2147483647;true;1;18276;0.8209660559122881;0;immigrationFraction;0.2
BEST_EFFORT_GENETIC;IHIS;5;0;false;2147483647;0.2;0.4;0.8;0.05;0.4;10;100;true;true;300000;2147483647;true;1;14703;0.8209660559122881;0;immigrationFraction;0.4
BEST_EFFORT_GENETIC;IHIS;5;0;false;2147483647;0.2;0.4;0.8;0.05;0.6;10;100;true;true;300000;2147483647;true;1;15058;0.8209660559122881;0;immigrationFraction;0.6
BEST_EFFORT_GENETIC;IHIS;5;0;false;2147483647;0.2;0.4;0.8;0.05;0.8;10;100;true;true;300000;2147483647;true;1;5868;0.8209660559122881;0;immigrationFraction;0.8
BEST_EFFORT_GENETIC;IHIS;5;0;false;2147483647;0.2;0.4;0.8;0.05;0.2;5;100;true;true;300000;2147483647;true;1;21975;0.8209660559122881;0;immigrationInterval;5
BEST_EFFORT_GENETIC;IHIS;5;0;false;2147483647;0.2;0.4;0.8;0.05;0.2;10;100;true;true;300000;2147483647;true;1;10682;0.8209660559122881;0;immigrationInterval;10
BEST_EFFORT_GENETIC;IHIS;5;0;false;2147483647;0.2;0.4;0.8;0.05;0.2;20;100;true;true;300000;2147483647;true;1;17464;0.8209660559122881;0;immigrationInterval;20
BEST_EFFORT_GENETIC;IHIS;5;0;false;2147483647;0.2;0.4;0.8;0.05;0.2;10;50;true;true;300000;2147483647;true;1;10276;0.8209660559122881;0;subpopulationSize;50
BEST_EFFORT_GENETIC;IHIS;5;0;false;2147483647;0.2;0.4;0.8;0.05;0.2;10;100;true;true;300000;2147483647;true;1;21248;0.8209660559122881;0;subpopulationSize;100
BEST_EFFORT_GENETIC;IHIS;5;0;false;2147483647;0.2;0.4;0.8;0.05;0.2;10;200;true;true;300000;2147483647;true;1;34962;0.8209660559122881;0;subpopulationSize;200
BEST_EFFORT_GENETIC;ADULT;5;0;false;2147483647;0.2;0.4;0.8;0.05;0.2;10;100;true;true;300000;2147483647;true;2;246;0.7296212378705822;0;eliteFraction;0.2
BEST_EFFORT_GENETIC;ADULT;5;0;false;2147483647;0.4;0.4;0.8;0.05;0.2;10;100;true;true;300000;2147483647;true;2;397;0.7296212378705822;0;eliteFraction;0.4
BEST_EFFORT_GENETIC;ADULT;5;0;false;2147483647;0.6;0.4;0.8;0.05;0.2;10;100;true;true;300000;2147483647;true;2;296;0.7296212378705822;0;eliteFraction;0.6
BEST_EFFORT_GENETIC;ADULT;5;0;false;2147483647;0.8;0.4;0.8;0.05;0.2;10;100;true;true;300000;2147483647;true;2;404;0.7296212378705822;0;eliteFraction;0.8
BEST_EFFORT_GENETIC;ADULT;5;0;false;2147483647;0.2;0.2;0.8;0.05;0.2;10;100;true;true;300000;2147483647;true;2;506;0.7296212378705822;0;crossOverFraction;0.2
BEST_EFFORT_GENETIC;ADULT;5;0;false;2147483647;0.2;0.4;0.8;0.05;0.2;10;100;true;true;300000;2147483647;true;2;67;0.7296212378705822;0;crossOverFraction;0.4
BEST_EFFORT_GENETIC;ADULT;5;0;false;2147483647;0.2;0.6;0.8;0.05;0.2;10;100;true;true;300000;2147483647;true;2;393;0.7296212378705822;0;crossOverFraction;0.6
BEST_EFFORT_GENETIC;ADULT;5;0;false;2147483647;0.2;0.8;0.8;0.05;0.2;10;100;true;true;300000;2147483647;true;2;495;0.7296212378705822;0;crossOverFraction;0.8
BEST_EFFORT_GENETIC;ADULT;5;0;false;2147483647;0.2;0.4;0.2;0.05;0.2;10;100;true;true;300000;2147483647;true;2;325;0.7296212378705822;0;productionFraction;0.2
BEST_EFFORT_GENETIC;ADULT;5;0;false;2147483647;0.2;0.4;0.4;0.05;0.2;10;100;true;true;300000;2147483647;true;2;321;0.7296212378705822;0;productionFraction;0.4
BEST_EFFORT_GENETIC;ADULT;5;0;false;2147483647;0.2;0.4;0.6;0.05;0.2;10;100;true;true;300000;2147483647;true;2;352;0.7296212378705822;0;productionFraction;0.6
BEST_EFFORT_GENETIC;ADULT;5;0;false;2147483647;0.2;0.4;0.8;0.05;0.2;10;100;true;true;300000;2147483647;true;2;310;0.7296212378705822;0;productionFraction;0.8
BEST_EFFORT_GENETIC;ADULT;5;0;false;2147483647;0.2;0.4;0.8;0.025;0.2;10;100;true;true;300000;2147483647;true;2;480;0.7296212378705822;0;mutationProbability;0.025
BEST_EFFORT_GENETIC;ADULT;5;0;false;2147483647;0.2;0.4;0.8;0.05;0.2;10;100;true;true;300000;2147483647;true;2;362;0.7296212378705822;0;mutationProbability;0.05
BEST_EFFORT_GENETIC;ADULT;5;0;false;2147483647;0.2;0.4;0.8;0.1;0.2;10;100;true;true;300000;2147483647;true;2;155;0.7296212378705822;0;mutationProbability;0.1
BEST_EFFORT_GENETIC;ADULT;5;0;false;2147483647;0.2;0.4;0.8;0.05;0.2;10;100;true;true;300000;2147483647;true;2;503;0.7296212378705822;0;immigrationFraction;0.2
BEST_EFFORT_GENETIC;ADULT;5;0;false;2147483647;0.2;0.4;0.8;0.05;0.4;10;100;true;true;300000;2147483647;true;2;487;0.7296212378705822;0;immigrationFraction;0.4
BEST_EFFORT_GENETIC;ADULT;5;0;false;2147483647;0.2;0.4;0.8;0.05;0.6;10;100;true;true;300000;2147483647;true;2;467;0.7296212378705822;0;immigrationFraction;0.6
BEST_EFFORT_GENETIC;ADULT;5;0;false;2147483647;0.2;0.4;0.8;0.05;0.8;10;100;true;true;300000;2147483647;true;2;432;0.7296212378705822;0;immigrationFraction;0.8
BEST_EFFORT_GENETIC;ADULT;5;0;false;2147483647;0.2;0.4;0.8;0.05;0.2;5;100;true;true;300000;2147483647;true;2;441;0.7296212378705822;0;immigrationInterval;5
BEST_EFFORT_GENETIC;ADULT;5;0;false;2147483647;0.2;0.4;0.8;0.05;0.2;10;100;true;true;300000;2147483647;true;2;513;0.7296212378705822;0;immigrationInterval;10
BEST_EFFORT_GENETIC;ADULT;5;0;false;2147483647;0.2;0.4;0.8;0.05;0.2;20;100;true;true;300000;2147483647;true;2;416;0.7296212378705822;0;immigrationInterval;20
BEST_EFFORT_GENETIC;ADULT;5;0;false;2147483647;0.2;0.4;0.8;0.05;0.2;10;50;true;true;300000;2147483647;true;2;267;0.7296212378705822;0;subpopulationSize;50
BEST_EFFORT_GENETIC;ADULT;5;0;false;2147483647;0.2;0.4;0.8;0.05;0.2;10;100;true;true;300000;2147483647;true;2;313;0.7296212378705822;0;subpopulationSize;100
BEST_EFFORT_GENETIC;ADULT;5;0;false;2147483647;0.2;0.4;0.8;0.05;0.2;10;200;true;true;300000;2147483647;true;2;612;0.7296212378705822;0;subpopulationSize;200
BEST_EFFORT_GENETIC;ATUS;5;0;false;2147483647;0.2;0.4;0.8;0.05;0.2;10;100;true;true;300000;2147483647;true;2;7418;0.9000490313023302;0;eliteFraction;0.2
BEST_EFFORT_GENETIC;ATUS;5;0;false;2147483647;0.4;0.4;0.8;0.05;0.2;10;100;true;true;300000;2147483647;true;2;6450;0.9000490313023302;0;eliteFraction;0.4
BEST_EFFORT_GENETIC;ATUS;5;0;false;2147483647;0.6;0.4;0.8;0.05;0.2;10;100;true;true;300000;2147483647;true;2;6201;0.9000490313023302;0;eliteFraction;0.6
BEST_EFFORT_GENETIC;ATUS;5;0;false;2147483647;0.8;0.4;0.8;0.05;0.2;10;100;true;true;300000;2147483647;true;2;6047;0.9000490313023302;0;eliteFraction;0.8
BEST_EFFORT_GENETIC;ATUS;5;0;false;2147483647;0.2;0.2;0.8;0.05;0.2;10;100;true;true;300000;2147483647;true;2;7105;0.9000490313023302;0;crossOverFraction;0.2
BEST_EFFORT_GENETIC;ATUS;5;0;false;2147483647;0.2;0.4;0.8;0.05;0.2;10;100;true;true;300000;2147483647;true;2;7341;0.9000490313023302;0;crossOverFraction;0.4
BEST_EFFORT_GENETIC;ATUS;5;0;false;2147483647;0.2;0.6;0.8;0.05;0.2;10;100;true;true;300000;2147483647;true;2;8174;0.9000490313023302;0;crossOverFraction;0.6
BEST_EFFORT_GENETIC;ATUS;5;0;false;2147483647;0.2;0.8;0.8;0.05;0.2;10;100;true;true;300000;2147483647;true;2;7165;0.9000490313023302;0;crossOverFraction;0.8
BEST_EFFORT_GENETIC;ATUS;5;0;false;2147483647;0.2;0.4;0.2;0.05;0.2;10;100;true;true;300000;2147483647;true;2;5076;0.9000490313023302;0;productionFraction;0.2
BEST_EFFORT_GENETIC;ATUS;5;0;false;2147483647;0.2;0.4;0.4;0.05;0.2;10;100;true;true;300000;2147483647;true;2;4878;0.9000490313023302;0;productionFraction;0.4
BEST_EFFORT_GENETIC;ATUS;5;0;false;2147483647;0.2;0.4;0.6;0.05;0.2;10;100;true;true;300000;2147483647;true;2;6616;0.9000490313023302;0;productionFraction;0.6
BEST_EFFORT_GENETIC;ATUS;5;0;false;2147483647;0.2;0.4;0.8;0.05;0.2;10;100;true;true;300000;2147483647;true;2;7339;0.9000490313023302;0;productionFraction;0.8
BEST_EFFORT_GENETIC;ATUS;5;0;false;2147483647;0.2;0.4;0.8;0.025;0.2;10;100;true;true;300000;2147483647;true;2;7533;0.9000490313023302;0;mutationProbability;0.025
BEST_EFFORT_GENETIC;ATUS;5;0;false;2147483647;0.2;0.4;0.8;0.05;0.2;10;100;true;true;300000;2147483647;true;2;7712;0.9000490313023302;0;mutationProbability;0.05
BEST_EFFORT_GENETIC;ATUS;5;0;false;2147483647;0.2;0.4;0.8;0.1;0.2;10;100;true;true;300000;2147483647;true;2;6439;0.9000490313023302;0;mutationProbability;0.1
BEST_EFFORT_GENETIC;ATUS;5;0;false;2147483647;0.2;0.4;0.8;0.05;0.2;10;100;true;true;300000;2147483647;true;2;7172;0.9000490313023302;0;immigrationFraction;0.2
BEST_EFFORT_GENETIC;ATUS;5;0;false;2147483647;0.2;0.4;0.8;0.05;0.4;10;100;true;true;300000;2147483647;true;2;6108;0.9000490313023302;0;immigrationFraction;0.4
BEST_EFFORT_GENETIC;ATUS;5;0;false;2147483647;0.2;0.4;0.8;0.05;0.6;10;100;true;true;300000;2147483647;true;2;7122;0.9000490313023302;0;immigrationFraction;0.6
BEST_EFFORT_GENETIC;ATUS;5;0;false;2147483647;0.2;0.4;0.8;0.05;0.8;10;100;true;true;300000;2147483647;true;2;5977;0.9000490313023302;0;immigrationFraction;0.8
BEST_EFFORT_GENETIC;ATUS;5;0;false;2147483647;0.2;0.4;0.8;0.05;0.2;5;100;true;true;300000;2147483647;true;2;7221;0.9000490313023302;0;immigrationInterval;5
BEST_EFFORT_GENETIC;ATUS;5;0;false;2147483647;0.2;0.4;0.8;0.05;0.2;10;100;true;true;300000;2147483647;true;2;6177;0.9000490313023302;0;immigrationInterval;10
BEST_EFFORT_GENETIC;ATUS;5;0;false;2147483647;0.2;0.4;0.8;0.05;0.2;20;100;true;true;300000;2147483647;true;2;8256;0.9000490313023302;0;immigrationInterval;20
BEST_EFFORT_GENETIC;ATUS;5;0;false;2147483647;0.2;0.4;0.8;0.05;0.2;10;50;true;true;300000;2147483647;true;2;4295;0.9000490313023302;0;subpopulationSize;50
BEST_EFFORT_GENETIC;ATUS;5;0;false;2147483647;0.2;0.4;0.8;0.05;0.2;10;100;true;true;300000;2147483647;true;2;6067;0.9000490313023302;0;subpopulationSize;100
BEST_EFFORT_GENETIC;ATUS;5;0;false;2147483647;0.2;0.4;0.8;0.05;0.2;10;200;true;true;300000;2147483647;true;2;8807;0.9000490313023302;0;subpopulationSize;200
BEST_EFFORT_GENETIC;IHIS;5;0;false;2147483647;0.2;0.4;0.8;0.05;0.2;10;100;true;true;300000;2147483647;true;2;17547;0.8209660559122881;0;eliteFraction;0.2
BEST_EFFORT_GENETIC;IHIS;5;0;false;2147483647;0.4;0.4;0.8;0.05;0.2;10;100;true;true;300000;2147483647;true;2;4066;0.8209660559122881;0;eliteFraction;0.4
BEST_EFFORT_GENETIC;IHIS;5;0;false;2147483647;0.6;0.4;0.8;0.05;0.2;10;100;true;true;300000;2147483647;true;2;16349;0.8209660559122881;0;eliteFraction;0.6
BEST_EFFORT_GENETIC;IHIS;5;0;false;2147483647;0.8;0.4;0.8;0.05;0.2;10;100;true;true;300000;2147483647;true;2;16693;0.8209660559122881;0;eliteFraction;0.8
BEST_EFFORT_GENETIC;IHIS;5;0;false;2147483647;0.2;0.2;0.8;0.05;0.2;10;100;true;true;300000;2147483647;true;2;16111;0.8209660559122881;0;crossOverFraction;0.2
BEST_EFFORT_GENETIC;IHIS;5;0;false;2147483647;0.2;0.4;0.8;0.05;0.2;10;100;true;true;300000;2147483647;true;2;22380;0.8209660559122881;0;crossOverFraction;0.4
BEST_EFFORT_GENETIC;IHIS;5;0;false;2147483647;0.2;0.6;0.8;0.05;0.2;10;100;true;true;300000;2147483647;true;2;21820;0.8209660559122881;0;crossOverFraction;0.6
BEST_EFFORT_GENETIC;IHIS;5;0;false;2147483647;0.2;0.8;0.8;0.05;0.2;10;100;true;true;300000;2147483647;true;2;21226;0.8209660559122881;0;crossOverFraction;0.8
BEST_EFFORT_GENETIC;IHIS;5;0;false;2147483647;0.2;0.4;0.2;0.05;0.2;10;100;true;true;300000;2147483647;true;2;14775;0.8209660559122881;0;productionFraction;0.2
BEST_EFFORT_GENETIC;IHIS;5;0;false;2147483647;0.2;0.4;0.4;0.05;0.2;10;100;true;true;300000;2147483647;true;2;17471;0.8209660559122881;0;productionFraction;0.4
BEST_EFFORT_GENETIC;IHIS;5;0;false;2147483647;0.2;0.4;0.6;0.05;0.2;10;100;true;true;300000;2147483647;true;2;13723;0.8209660559122881;0;productionFraction;0.6
BEST_EFFORT_GENETIC;IHIS;5;0;false;2147483647;0.2;0.4;0.8;0.05;0.2;10;100;true;true;300000;2147483647;true;2;18840;0.8209660559122881;0;productionFraction;0.8
BEST_EFFORT_GENETIC;IHIS;5;0;false;2147483647;0.2;0.4;0.8;0.025;0.2;10;100;true;true;300000;2147483647;true;2;20322;0.8209660559122881;0;mutationProbability;0.025
BEST_EFFORT_GENETIC;IHIS;5;0;false;2147483647;0.2;0.4;0.8;0.05;0.2;10;100;true;true;300000;2147483647;true;2;11333;0.8209660559122881;0;mutationProbability;0.05
BEST_EFFORT_GENETIC;IHIS;5;0;false;2147483647;0.2;0.4;0.8;0.1;0.2;10;100;true;true;300000;2147483647;true;2;21881;0.8209660559122881;0;mutationProbability;0.1
BEST_EFFORT_GENETIC;IHIS;5;0;false;2147483647;0.2;0.4;0.8;0.05;0.2;10;100;true;true;300000;2147483647;true;2;19635;0.8209660559122881;0;immigrationFraction;0.2
BEST_EFFORT_GENETIC;IHIS;5;0;false;2147483647;0.2;0.4;0.8;0.05;0.4;10;100;true;true;300000;2147483647;true;2;21117;0.8209660559122881;0;immigrationFraction;0.4
BEST_EFFORT_GENETIC;IHIS;5;0;false;2147483647;0.2;0.4;0.8;0.05;0.6;10;100;true;true;300000;2147483647;true;2;19704;0.8209660559122881;0;immigrationFraction;0.6
BEST_EFFORT_GENETIC;IHIS;5;0;false;2147483647;0.2;0.4;0.8;0.05;0.8;10;100;true;true;300000;2147483647;true;2;21856;0.8209660559122881;0;immigrationFraction;0.8
BEST_EFFORT_GENETIC;IHIS;5;0;false;2147483647;0.2;0.4;0.8;0.05;0.2;5;100;true;true;300000;2147483647;true;2;20384;0.8209660559122881;0;immigrationInterval;5
BEST_EFFORT_GENETIC;IHIS;5;0;false;2147483647;0.2;0.4;0.8;0.05;0.2;10;100;true;true;300000;2147483647;true;2;20593;0.8209660559122881;0;immigrationInterval;10
BEST_EFFORT_GENETIC;IHIS;5;0;false;2147483647;0.2;0.4;0.8;0.05;0.2;20;100;true;true;300000;2147483647;true;2;16006;0.8209660559122881;0;immigrationInterval;20
BEST_EFFORT_GENETIC;IHIS;5;0;false;2147483647;0.2;0.4;0.8;0.05;0.2;10;50;true;true;300000;2147483647;true;2;11156;0.8209660559122881;0;subpopulationSize;50
BEST_EFFORT_GENETIC;IHIS;5;0;false;2147483647;0.2;0.4;0.8;0.05;0.2;10;100;true;true;300000;2147483647;true;2;13073;0.8209660559122881;0;subpopulationSize;100
BEST_EFFORT_GENETIC;IHIS;5;0;false;2147483647;0.2;0.4;0.8;0.05;0.2;10;200;true;true;300000;2147483647;true;2;31047;0.8209660559122881;0;subpopulationSize;200
BEST_EFFORT_GENETIC;ADULT;5;0;false;2147483647;0.2;0.4;0.8;0.05;0.2;10;100;true;true;300000;2147483647;true;3;377;0.7296212378705822;0;eliteFraction;0.2
BEST_EFFORT_GENETIC;ADULT;5;0;false;2147483647;0.4;0.4;0.8;0.05;0.2;10;100;true;true;300000;2147483647;true;3;352;0.7296212378705822;0;eliteFraction;0.4
BEST_EFFORT_GENETIC;ADULT;5;0;false;2147483647;0.6;0.4;0.8;0.05;0.2;10;100;true;true;300000;2147483647;true;3;433;0.7296212378705822;0;eliteFraction;0.6
BEST_EFFORT_GENETIC;ADULT;5;0;false;2147483647;0.8;0.4;0.8;0.05;0.2;10;100;true;true;300000;2147483647;true;3;431;0.7296212378705822;0;eliteFraction;0.8
BEST_EFFORT_GENETIC;ADULT;5;0;false;2147483647;0.2;0.2;0.8;0.05;0.2;10;100;true;true;300000;2147483647;true;3;338;0.7296212378705822;0;crossOverFraction;0.2
BEST_EFFORT_GENETIC;ADULT;5;0;false;2147483647;0.2;0.4;0.8;0.05;0.2;10;100;true;true;300000;2147483647;true;3;440;0.7296212378705822;0;crossOverFraction;0.4
BEST_EFFORT_GENETIC;ADULT;5;0;false;2147483647;0.2;0.6;0.8;0.05;0.2;10;100;true;true;300000;2147483647;true;3;409;0.7296212378705822;0;crossOverFraction;0.6
BEST_EFFORT_GENETIC;ADULT;5;0;false;2147483647;0.2;0.8;0.8;0.05;0.2;10;100;true;true;300000;2147483647;true;3;401;0.7296212378705822;0;crossOverFraction;0.8
BEST_EFFORT_GENETIC;ADULT;5;0;false;2147483647;0.2;0.4;0.2;0.05;0.2;10;100;true;true;300000;2147483647;true;3;193;0.7296212378705822;0;productionFraction;0.2
BEST_EFFORT_GENETIC;ADULT;5;0;false;2147483647;0.2;0.4;0.4;0.05;0.2;10;100;true;true;300000;2147483647;true;3;331;0.7296212378705822;0;productionFraction;0.4
BEST_EFFORT_GENETIC;ADULT;5;0;false;2147483647;0.2;0.4;0.6;0.05;0.2;10;100;true;true;300000;2147483647;true;3;345;0.7296212378705822;0;productionFraction;0.6
BEST_EFFORT_GENETIC;ADULT;5;0;false;2147483647;0.2;0.4;0.8;0.05;0.2;10;100;true;true;300000;2147483647;true;3;318;0.7296212378705822;0;productionFraction;0.8
BEST_EFFORT_GENETIC;ADULT;5;0;false;2147483647;0.2;0.4;0.8;0.025;0.2;10;100;true;true;300000;2147483647;true;3;405;0.7296212378705822;0;mutationProbability;0.025
BEST_EFFORT_GENETIC;ADULT;5;0;false;2147483647;0.2;0.4;0.8;0.05;0.2;10;100;true;true;300000;2147483647;true;3;366;0.7296212378705822;0;mutationProbability;0.05
BEST_EFFORT_GENETIC;ADULT;5;0;false;2147483647;0.2;0.4;0.8;0.1;0.2;10;100;true;true;300000;2147483647;true;3;430;0.7296212378705822;0;mutationProbability;0.1
BEST_EFFORT_GENETIC;ADULT;5;0;false;2147483647;0.2;0.4;0.8;0.05;0.2;10;100;true;true;300000;2147483647;true;3;397;0.7296212378705822;0;immigrationFraction;0.2
BEST_EFFORT_GENETIC;ADULT;5;0;false;2147483647;0.2;0.4;0.8;0.05;0.4;10;100;true;true;300000;2147483647;true;3;401;0.7296212378705822;0;immigrationFraction;0.4
BEST_EFFORT_GENETIC;ADULT;5;0;false;2147483647;0.2;0.4;0.8;0.05;0.6;10;100;true;true;300000;2147483647;true;3;404;0.7296212378705822;0;immigrationFraction;0.6
BEST_EFFORT_GENETIC;ADULT;5;0;false;2147483647;0.2;0.4;0.8;0.05;0.8;10;100;true;true;300000;2147483647;true;3;405;0.7296212378705822;0;immigrationFraction;0.8
BEST_EFFORT_GENETIC;ADULT;5;0;false;2147483647;0.2;0.4;0.8;0.05;0.2;5;100;true;true;300000;2147483647;true;3;456;0.7296212378705822;0;immigrationInterval;5
BEST_EFFORT_GENETIC;ADULT;5;0;false;2147483647;0.2;0.4;0.8;0.05;0.2;10;100;true;true;300000;2147483647;true;3;426;0.7296212378705822;0;immigrationInterval;10
BEST_EFFORT_GENETIC;ADULT;5;0;false;2147483647;0.2;0.4;0.8;0.05;0.2;20;100;true;true;300000;2147483647;true;3;426;0.7296212378705822;0;immigrationInterval;20
BEST_EFFORT_GENETIC;ADULT;5;0;false;2147483647;0.2;0.4;0.8;0.05;0.2;10;50;true;true;300000;2147483647;true;3;367;0.7296212378705822;0;subpopulationSize;50
BEST_EFFORT_GENETIC;ADULT;5;0;false;2147483647;0.2;0.4;0.8;0.05;0.2;10;100;true;true;300000;2147483647;true;3;502;0.7296212378705822;0;subpopulationSize;100
BEST_EFFORT_GENETIC;ADULT;5;0;false;2147483647;0.2;0.4;0.8;0.05;0.2;10;200;true;true;300000;2147483647;true;3;554;0.7296212378705822;0;subpopulationSize;200
BEST_EFFORT_GENETIC;ATUS;5;0;false;2147483647;0.2;0.4;0.8;0.05;0.2;10;100;true;true;300000;2147483647;true;3;5936;0.9000490313023302;0;eliteFraction;0.2
BEST_EFFORT_GENETIC;ATUS;5;0;false;2147483647;0.4;0.4;0.8;0.05;0.2;10;100;true;true;300000;2147483647;true;3;6651;0.9000490313023302;0;eliteFraction;0.4
BEST_EFFORT_GENETIC;ATUS;5;0;false;2147483647;0.6;0.4;0.8;0.05;0.2;10;100;true;true;300000;2147483647;true;3;5732;0.9000490313023302;0;eliteFraction;0.6
BEST_EFFORT_GENETIC;ATUS;5;0;false;2147483647;0.8;0.4;0.8;0.05;0.2;10;100;true;true;300000;2147483647;true;3;5572;0.9000490313023302;0;eliteFraction;0.8
BEST_EFFORT_GENETIC;ATUS;5;0;false;2147483647;0.2;0.2;0.8;0.05;0.2;10;100;true;true;300000;2147483647;true;3;5714;0.9000490313023302;0;crossOverFraction;0.2
BEST_EFFORT_GENETIC;ATUS;5;0;false;2147483647;0.2;0.4;0.8;0.05;0.2;10;100;true;true;300000;2147483647;true;3;6281;0.9000490313023302;0;crossOverFraction;0.4
BEST_EFFORT_GENETIC;ATUS;5;0;false;2147483647;0.2;0.6;0.8;0.05;0.2;10;100;true;true;300000;2147483647;true;3;7175;0.9000490313023302;0;crossOverFraction;0.6
BEST_EFFORT_GENETIC;ATUS;5;0;false;2147483647;0.2;0.8;0.8;0.05;0.2;10;100;true;true;300000;2147483647;true;3;5234;0.9000490313023302;0;crossOverFraction;0.8
BEST_EFFORT_GENETIC;ATUS;5;0;false;2147483647;0.2;0.4;0.2;0.05;0.2;10;100;true;true;300000;2147483647;true;3;4395;0.9000490313023302;0;productionFraction;0.2
BEST_EFFORT_GENETIC;ATUS;5;0;false;2147483647;0.2;0.4;0.4;0.05;0.2;10;100;true;true;300000;2147483647;true;3;3358;0.9000490313023302;0;productionFraction;0.4
BEST_EFFORT_GENETIC;ATUS;5;0;false;2147483647;0.2;0.4;0.6;0.05;0.2;10;100;true;true;300000;2147483647;true;3;5811;0.9000490313023302;0;productionFraction;0.6
BEST_EFFORT_GENETIC;ATUS;5;0;false;2147483647;0.2;0.4;0.8;0.05;0.2;10;100;true;true;300000;2147483647;true;3;7023;0.9000490313023302;0;productionFraction;0.8
BEST_EFFORT_GENETIC;ATUS;5;0;false;2147483647;0.2;0.4;0.8;0.025;0.2;10;100;true;true;300000;2147483647;true;3;6470;0.9000490313023302;0;mutationProbability;0.025
BEST_EFFORT_GENETIC;ATUS;5;0;false;2147483647;0.2;0.4;0.8;0.05;0.2;10;100;true;true;300000;2147483647;true;3;7377;0.9000490313023302;0;mutationProbability;0.05
BEST_EFFORT_GENETIC;ATUS;5;0;false;2147483647;0.2;0.4;0.8;0.1;0.2;10;100;true;true;300000;2147483647;true;3;5646;0.9000490313023302;0;mutationProbability;0.1
BEST_EFFORT_GENETIC;ATUS;5;0;false;2147483647;0.2;0.4;0.8;0.05;0.2;10;100;true;true;300000;2147483647;true;3;6178;0.9000490313023302;0;immigrationFraction;0.2
BEST_EFFORT_GENETIC;ATUS;5;0;false;2147483647;0.2;0.4;0.8;0.05;0.4;10;100;true;true;300000;2147483647;true;3;6378;0.9000490313023302;0;immigrationFraction;0.4
BEST_EFFORT_GENETIC;ATUS;5;0;false;2147483647;0.2;0.4;0.8;0.05;0.6;10;100;true;true;300000;2147483647;true;3;7854;0.9000490313023302;0;immigrationFraction;0.6
BEST_EFFORT_GENETIC;ATUS;5;0;false;2147483647;0.2;0.4;0.8;0.05;0.8;10;100;true;true;300000;2147483647;true;3;6321;0.9000490313023302;0;immigrationFraction;0.8
BEST_EFFORT_GENETIC;ATUS;5;0;false;2147483647;0.2;0.4;0.8;0.05;0.2;5;100;true;true;300000;2147483647;true;3;5820;0.9000490313023302;0;immigrationInterval;5
BEST_EFFORT_GENETIC;ATUS;5;0;false;2147483647;0.2;0.4;0.8;0.05;0.2;10;100;true;true;300000;2147483647;true;3;7880;0.9000490313023302;0;immigrationInterval;10
BEST_EFFORT_GENETIC;ATUS;5;0;false;2147483647;0.2;0.4;0.8;0.05;0.2;20;100;true;true;300000;2147483647;true;3;6908;0.9000490313023302;0;immigrationInterval;20
BEST_EFFORT_GENETIC;ATUS;5;0;false;2147483647;0.2;0.4;0.8;0.05;0.2;10;50;true;true;300000;2147483647;true;3;4863;0.9000490313023302;0;subpopulationSize;50
BEST_EFFORT_GENETIC;ATUS;5;0;false;2147483647;0.2;0.4;0.8;0.05;0.2;10;100;true;true;300000;2147483647;true;3;7424;0.9000490313023302;0;subpopulationSize;100
BEST_EFFORT_GENETIC;ATUS;5;0;false;2147483647;0.2;0.4;0.8;0.05;0.2;10;200;true;true;300000;2147483647;true;3;9157;0.9000490313023302;0;subpopulationSize;200
BEST_EFFORT_GENETIC;IHIS;5;0;false;2147483647;0.2;0.4;0.8;0.05;0.2;10;100;true;true;300000;2147483647;true;3;20465;0.8209660559122881;0;eliteFraction;0.2
BEST_EFFORT_GENETIC;IHIS;5;0;false;2147483647;0.4;0.4;0.8;0.05;0.2;10;100;true;true;300000;2147483647;true;3;15126;0.8209660559122881;0;eliteFraction;0.4
BEST_EFFORT_GENETIC;IHIS;5;0;false;2147483647;0.6;0.4;0.8;0.05;0.2;10;100;true;true;300000;2147483647;true;3;17855;0.8209660559122881;0;eliteFraction;0.6
BEST_EFFORT_GENETIC;IHIS;5;0;false;2147483647;0.8;0.4;0.8;0.05;0.2;10;100;true;true;300000;2147483647;true;3;17308;0.8209660559122881;0;eliteFraction;0.8
BEST_EFFORT_GENETIC;IHIS;5;0;false;2147483647;0.2;0.2;0.8;0.05;0.2;10;100;true;true;300000;2147483647;true;3;17596;0.8209660559122881;0;crossOverFraction;0.2
BEST_EFFORT_GENETIC;IHIS;5;0;false;2147483647;0.2;0.4;0.8;0.05;0.2;10;100;true;true;300000;2147483647;true;3;16727;0.8209660559122881;0;crossOverFraction;0.4
BEST_EFFORT_GENETIC;IHIS;5;0;false;2147483647;0.2;0.6;0.8;0.05;0.2;10;100;true;true;300000;2147483647;true;3;19789;0.8209660559122881;0;crossOverFraction;0.6
BEST_EFFORT_GENETIC;IHIS;5;0;false;2147483647;0.2;0.8;0.8;0.05;0.2;10;100;true;true;300000;2147483647;true;3;18607;0.8209660559122881;0;crossOverFraction;0.8
BEST_EFFORT_GENETIC;IHIS;5;0;false;2147483647;0.2;0.4;0.2;0.05;0.2;10;100;true;true;300000;2147483647;true;3;13223;0.8209660559122881;0;productionFraction;0.2
BEST_EFFORT_GENETIC;IHIS;5;0;false;2147483647;0.2;0.4;0.4;0.05;0.2;10;100;true;true;300000;2147483647;true;3;13443;0.8209660559122881;0;productionFraction;0.4
BEST_EFFORT_GENETIC;IHIS;5;0;false;2147483647;0.2;0.4;0.6;0.05;0.2;10;100;true;true;300000;2147483647;true;3;19454;0.8209660559122881;0;productionFraction;0.6
BEST_EFFORT_GENETIC;IHIS;5;0;false;2147483647;0.2;0.4;0.8;0.05;0.2;10;100;true;true;300000;2147483647;true;3;20153;0.8209660559122881;0;productionFraction;0.8
BEST_EFFORT_GENETIC;IHIS;5;0;false;2147483647;0.2;0.4;0.8;0.025;0.2;10;100;true;true;300000;2147483647;true;3;13378;0.8209660559122881;0;mutationProbability;0.025
BEST_EFFORT_GENETIC;IHIS;5;0;false;2147483647;0.2;0.4;0.8;0.05;0.2;10;100;true;true;300000;2147483647;true;3;18656;0.8209660559122881;0;mutationProbability;0.05
BEST_EFFORT_GENETIC;IHIS;5;0;false;2147483647;0.2;0.4;0.8;0.1;0.2;10;100;true;true;300000;2147483647;true;3;16991;0.8209660559122881;0;mutationProbability;0.1
BEST_EFFORT_GENETIC;IHIS;5;0;false;2147483647;0.2;0.4;0.8;0.05;0.2;10;100;true;true;300000;2147483647;true;3;17412;0.8209660559122881;0;immigrationFraction;0.2
BEST_EFFORT_GENETIC;IHIS;5;0;false;2147483647;0.2;0.4;0.8;0.05;0.4;10;100;true;true;300000;2147483647;true;3;19374;0.8209660559122881;0;immigrationFraction;0.4
BEST_EFFORT_GENETIC;IHIS;5;0;false;2147483647;0.2;0.4;0.8;0.05;0.6;10;100;true;true;300000;2147483647;true;3;19218;0.8209660559122881;0;immigrationFraction;0.6
BEST_EFFORT_GENETIC;IHIS;5;0;false;2147483647;0.2;0.4;0.8;0.05;0.8;10;100;true;true;300000;2147483647;true;3;16982;0.8209660559122881;0;immigrationFraction;0.8
BEST_EFFORT_GENETIC;IHIS;5;0;false;2147483647;0.2;0.4;0.8;0.05;0.2;5;100;true;true;300000;2147483647;true;3;15766;0.8209660559122881;0;immigrationInterval;5
BEST_EFFORT_GENETIC;IHIS;5;0;false;2147483647;0.2;0.4;0.8;0.05;0.2;10;100;true;true;300000;2147483647;true;3;20416;0.8209660559122881;0;immigrationInterval;10
BEST_EFFORT_GENETIC;IHIS;5;0;false;2147483647;0.2;0.4;0.8;0.05;0.2;20;100;true;true;300000;2147483647;true;3;21671;0.8209660559122881;0;immigrationInterval;20
BEST_EFFORT_GENETIC;IHIS;5;0;false;2147483647;0.2;0.4;0.8;0.05;0.2;10;50;true;true;300000;2147483647;true;3;11687;0.8209660559122881;0;subpopulationSize;50
BEST_EFFORT_GENETIC;IHIS;5;0;false;2147483647;0.2;0.4;0.8;0.05;0.2;10;100;true;true;300000;2147483647;true;3;19426;0.8209660559122881;0;subpopulationSize;100
BEST_EFFORT_GENETIC;IHIS;5;0;false;2147483647;0.2;0.4;0.8;0.05;0.2;10;200;true;true;300000;2147483647;true;3;22590;0.8209660559122881;0;subpopulationSize;200
BEST_EFFORT_GENETIC;ADULT;5;0;false;2147483647;0.2;0.4;0.8;0.05;0.2;10;100;true;true;300000;2147483647;true;4;458;0.7296212378705822;0;eliteFraction;0.2
BEST_EFFORT_GENETIC;ADULT;5;0;false;2147483647;0.4;0.4;0.8;0.05;0.2;10;100;true;true;300000;2147483647;true;4;489;0.7296212378705822;0;eliteFraction;0.4
BEST_EFFORT_GENETIC;ADULT;5;0;false;2147483647;0.6;0.4;0.8;0.05;0.2;10;100;true;true;300000;2147483647;true;4;385;0.7296212378705822;0;eliteFraction;0.6
BEST_EFFORT_GENETIC;ADULT;5;0;false;2147483647;0.8;0.4;0.8;0.05;0.2;10;100;true;true;300000;2147483647;true;4;300;0.7296212378705822;0;eliteFraction;0.8
BEST_EFFORT_GENETIC;ADULT;5;0;false;2147483647;0.2;0.2;0.8;0.05;0.2;10;100;true;true;300000;2147483647;true;4;454;0.7296212378705822;0;crossOverFraction;0.2
BEST_EFFORT_GENETIC;ADULT;5;0;false;2147483647;0.2;0.4;0.8;0.05;0.2;10;100;true;true;300000;2147483647;true;4;417;0.7296212378705822;0;crossOverFraction;0.4
BEST_EFFORT_GENETIC;ADULT;5;0;false;2147483647;0.2;0.6;0.8;0.05;0.2;10;100;true;true;300000;2147483647;true;4;322;0.7296212378705822;0;crossOverFraction;0.6
BEST_EFFORT_GENETIC;ADULT;5;0;false;2147483647;0.2;0.8;0.8;0.05;0.2;10;100;true;true;300000;2147483647;true;4;381;0.7296212378705822;0;crossOverFraction;0.8
BEST_EFFORT_GENETIC;ADULT;5;0;false;2147483647;0.2;0.4;0.2;0.05;0.2;10;100;true;true;300000;2147483647;true;4;276;0.7296212378705822;0;productionFraction;0.2
BEST_EFFORT_GENETIC;ADULT;5;0;false;2147483647;0.2;0.4;0.4;0.05;0.2;10;100;true;true;300000;2147483647;true;4;318;0.7296212378705822;0;productionFraction;0.4
BEST_EFFORT_GENETIC;ADULT;5;0;false;2147483647;0.2;0.4;0.6;0.05;0.2;10;100;true;true;300000;2147483647;true;4;444;0.7296212378705822;0;productionFraction;0.6
BEST_EFFORT_GENETIC;ADULT;5;0;false;2147483647;0.2;0.4;0.8;0.05;0.2;10;100;true;true;300000;2147483647;true;4;356;0.7296212378705822;0;productionFraction;0.8
BEST_EFFORT_GENETIC;ADULT;5;0;false;2147483647;0.2;0.4;0.8;0.025;0.2;10;100;true;true;300000;2147483647;true;4;521;0.7296212378705822;0;mutationProbability;0.025
BEST_EFFORT_GENETIC;ADULT;5;0;false;2147483647;0.2;0.4;0.8;0.05;0.2;10;100;true;true;300000;2147483647;true;4;527;0.7296212378705822;0;mutationProbability;0.05
BEST_EFFORT_GENETIC;ADULT;5;0;false;2147483647;0.2;0.4;0.8;0.1;0.2;10;100;true;true;300000;2147483647;true;4;361;0.7296212378705822;0;mutationProbability;0.1
BEST_EFFORT_GENETIC;ADULT;5;0;false;2147483647;0.2;0.4;0.8;0.05;0.2;10;100;true;true;300000;2147483647;true;4;385;0.7296212378705822;0;immigrationFraction;0.2
BEST_EFFORT_GENETIC;ADULT;5;0;false;2147483647;0.2;0.4;0.8;0.05;0.4;10;100;true;true;300000;2147483647;true;4;482;0.7296212378705822;0;immigrationFraction;0.4
BEST_EFFORT_GENETIC;ADULT;5;0;false;2147483647;0.2;0.4;0.8;0.05;0.6;10;100;true;true;300000;2147483647;true;4;382;0.7296212378705822;0;immigrationFraction;0.6
BEST_EFFORT_GENETIC;ADULT;5;0;false;2147483647;0.2;0.4;0.8;0.05;0.8;10;100;true;true;300000;2147483647;true;4;41;0.7296212378705822;0;immigrationFraction;0.8
BEST_EFFORT_GENETIC;ADULT;5;0;false;2147483647;0.2;0.4;0.8;0.05;0.2;5;100;true;true;300000;2147483647;true;4;399;0.7296212378705822;0;immigrationInterval;5
BEST_EFFORT_GENETIC;ADULT;5;0;false;2147483647;0.2;0.4;0.8;0.05;0.2;10;100;true;true;300000;2147483647;true;4;521;0.7296212378705822;0;immigrationInterval;10
BEST_EFFORT_GENETIC;ADULT;5;0;false;2147483647;0.2;0.4;0.8;0.05;0.2;20;100;true;true;300000;2147483647;true;4;86;0.7296212378705822;0;immigrationInterval;20
BEST_EFFORT_GENETIC;ADULT;5;0;false;2147483647;0.2;0.4;0.8;0.05;0.2;10;50;true;true;300000;2147483647;true;4;185;0.7296212378705822;0;subpopulationSize;50
BEST_EFFORT_GENETIC;ADULT;5;0;false;2147483647;0.2;0.4;0.8;0.05;0.2;10;100;true;true;300000;2147483647;true;4;322;0.7296212378705822;0;subpopulationSize;100
BEST_EFFORT_GENETIC;ADULT;5;0;false;2147483647;0.2;0.4;0.8;0.05;0.2;10;200;true;true;300000;2147483647;true;4;573;0.7296212378705822;0;subpopulationSize;200
BEST_EFFORT_GENETIC;ATUS;5;0;false;2147483647;0.2;0.4;0.8;0.05;0.2;10;100;true;true;300000;2147483647;true;4;6687;0.9000490313023302;0;eliteFraction;0.2
BEST_EFFORT_GENETIC;ATUS;5;0;false;2147483647;0.4;0.4;0.8;0.05;0.2;10;100;true;true;300000;2147483647;true;4;4514;0.9000490313023302;0;eliteFraction;0.4
BEST_EFFORT_GENETIC;ATUS;5;0;false;2147483647;0.6;0.4;0.8;0.05;0.2;10;100;true;true;300000;2147483647;true;4;5967;0.9000490313023302;0;eliteFraction;0.6
BEST_EFFORT_GENETIC;ATUS;5;0;false;2147483647;0.8;0.4;0.8;0.05;0.2;10;100;true;true;300000;2147483647;true;4;4024;0.9000490313023302;0;eliteFraction;0.8
BEST_EFFORT_GENETIC;ATUS;5;0;false;2147483647;0.2;0.2;0.8;0.05;0.2;10;100;true;true;300000;2147483647;true;4;7076;0.9000490313023302;0;crossOverFraction;0.2
BEST_EFFORT_GENETIC;ATUS;5;0;false;2147483647;0.2;0.4;0.8;0.05;0.2;10;100;true;true;300000;2147483647;true;4;8064;0.9000490313023302;0;crossOverFraction;0.4
BEST_EFFORT_GENETIC;ATUS;5;0;false;2147483647;0.2;0.6;0.8;0.05;0.2;10;100;true;true;300000;2147483647;true;4;6631;0.9000490313023302;0;crossOverFraction;0.6
BEST_EFFORT_GENETIC;ATUS;5;0;false;2147483647;0.2;0.8;0.8;0.05;0.2;10;100;true;true;300000;2147483647;true;4;5157;0.9000490313023302;0;crossOverFraction;0.8
BEST_EFFORT_GENETIC;ATUS;5;0;false;2147483647;0.2;0.4;0.2;0.05;0.2;10;100;true;true;300000;2147483647;true;4;4724;0.9000490313023302;0;productionFraction;0.2
BEST_EFFORT_GENETIC;ATUS;5;0;false;2147483647;0.2;0.4;0.4;0.05;0.2;10;100;true;true;300000;2147483647;true;4;4953;0.9000490313023302;0;productionFraction;0.4
BEST_EFFORT_GENETIC;ATUS;5;0;false;2147483647;0.2;0.4;0.6;0.05;0.2;10;100;true;true;300000;2147483647;true;4;5935;0.9000490313023302;0;productionFraction;0.6
BEST_EFFORT_GENETIC;ATUS;5;0;false;2147483647;0.2;0.4;0.8;0.05;0.2;10;100;true;true;300000;2147483647;true;4;7369;0.9000490313023302;0;productionFraction;0.8
BEST_EFFORT_GENETIC;ATUS;5;0;false;2147483647;0.2;0.4;0.8;0.025;0.2;10;100;true;true;300000;2147483647;true;4;5640;0.9000490313023302;0;mutationProbability;0.025
BEST_EFFORT_GENETIC;ATUS;5;0;false;2147483647;0.2;0.4;0.8;0.05;0.2;10;100;true;true;300000;2147483647;true;4;6634;0.9000490313023302;0;mutationProbability;0.05
BEST_EFFORT_GENETIC;ATUS;5;0;false;2147483647;0.2;0.4;0.8;0.1;0.2;10;100;true;true;300000;2147483647;true;4;6280;0.9000490313023302;0;mutationProbability;0.1
BEST_EFFORT_GENETIC;ATUS;5;0;false;2147483647;0.2;0.4;0.8;0.05;0.2;10;100;true;true;300000;2147483647;true;4;5400;0.9000490313023302;0;immigrationFraction;0.2
BEST_EFFORT_GENETIC;ATUS;5;0;false;2147483647;0.2;0.4;0.8;0.05;0.4;10;100;true;true;300000;2147483647;true;4;6682;0.9000490313023302;0;immigrationFraction;0.4
BEST_EFFORT_GENETIC;ATUS;5;0;false;2147483647;0.2;0.4;0.8;0.05;0.6;10;100;true;true;300000;2147483647;true;4;6370;0.9000490313023302;0;immigrationFraction;0.6
BEST_EFFORT_GENETIC;ATUS;5;0;false;2147483647;0.2;0.4;0.8;0.05;0.8;10;100;true;true;300000;2147483647;true;4;7260;0.9000490313023302;0;immigrationFraction;0.8
BEST_EFFORT_GENETIC;ATUS;5;0;false;2147483647;0.2;0.4;0.8;0.05;0.2;5;100;true;true;300000;2147483647;true;4;7894;0.9000490313023302;0;immigrationInterval;5
BEST_EFFORT_GENETIC;ATUS;5;0;false;2147483647;0.2;0.4;0.8;0.05;0.2;10;100;true;true;300000;2147483647;true;4;6496;0.9000490313023302;0;immigrationInterval;10
BEST_EFFORT_GENETIC;ATUS;5;0;false;2147483647;0.2;0.4;0.8;0.05;0.2;20;100;true;true;300000;2147483647;true;4;4762;0.9000490313023302;0;immigrationInterval;20
BEST_EFFORT_GENETIC;ATUS;5;0;false;2147483647;0.2;0.4;0.8;0.05;0.2;10;50;true;true;300000;2147483647;true;4;4884;0.9000490313023302;0;subpopulationSize;50
BEST_EFFORT_GENETIC;ATUS;5;0;false;2147483647;0.2;0.4;0.8;0.05;0.2;10;100;true;true;300000;2147483647;true;4;8051;0.9000490313023302;0;subpopulationSize;100
BEST_EFFORT_GENETIC;ATUS;5;0;false;2147483647;0.2;0.4;0.8;0.05;0.2;10;200;true;true;300000;2147483647;true;4;8140;0.9000490313023302;0;subpopulationSize;200
BEST_EFFORT_GENETIC;IHIS;5;0;false;2147483647;0.2;0.4;0.8;0.05;0.2;10;100;true;true;300000;2147483647;true;4;19054;0.8209660559122881;0;eliteFraction;0.2
BEST_EFFORT_GENETIC;IHIS;5;0;false;2147483647;0.4;0.4;0.8;0.05;0.2;10;100;true;true;300000;2147483647;true;4;17107;0.8209660559122881;0;eliteFraction;0.4
BEST_EFFORT_GENETIC;IHIS;5;0;false;2147483647;0.6;0.4;0.8;0.05;0.2;10;100;true;true;300000;2147483647;true;4;16539;0.8209660559122881;0;eliteFraction;0.6
BEST_EFFORT_GENETIC;IHIS;5;0;false;2147483647;0.8;0.4;0.8;0.05;0.2;10;100;true;true;300000;2147483647;true;4;16197;0.8209660559122881;0;eliteFraction;0.8
BEST_EFFORT_GENETIC;IHIS;5;0;false;2147483647;0.2;0.2;0.8;0.05;0.2;10;100;true;true;300000;2147483647;true;4;18747;0.8209660559122881;0;crossOverFraction;0.2
BEST_EFFORT_GENETIC;IHIS;5;0;false;2147483647;0.2;0.4;0.8;0.05;0.2;10;100;true;true;300000;2147483647;true;4;15280;0.8209660559122881;0;crossOverFraction;0.4
BEST_EFFORT_GENETIC;IHIS;5;0;false;2147483647;0.2;0.6;0.8;0.05;0.2;10;100;true;true;300000;2147483647;true;4;19787;0.8209660559122881;0;crossOverFraction;0.6
BEST_EFFORT_GENETIC;IHIS;5;0;false;2147483647;0.2;0.8;0.8;0.05;0.2;10;100;true;true;300000;2147483647;true;4;7171;0.8209660559122881;0;crossOverFraction;0.8
BEST_EFFORT_GENETIC;IHIS;5;0;false;2147483647;0.2;0.4;0.2;0.05;0.2;10;100;true;true;300000;2147483647;true;4;9089;0.8209660559122881;0;productionFraction;0.2
BEST_EFFORT_GENETIC;IHIS;5;0;false;2147483647;0.2;0.4;0.4;0.05;0.2;10;100;true;true;300000;2147483647;true;4;14029;0.8209660559122881;0;productionFraction;0.4
BEST_EFFORT_GENETIC;IHIS;5;0;false;2147483647;0.2;0.4;0.6;0.05;0.2;10;100;true;true;300000;2147483647;true;4;10279;0.8209660559122881;0;productionFraction;0.6
BEST_EFFORT_GENETIC;IHIS;5;0;false;2147483647;0.2;0.4;0.8;0.05;0.2;10;100;true;true;300000;2147483647;true;4;21850;0.8209660559122881;0;productionFraction;0.8
BEST_EFFORT_GENETIC;IHIS;5;0;false;2147483647;0.2;0.4;0.8;0.025;0.2;10;100;true;true;300000;2147483647;true;4;22095;0.8209660559122881;0;mutationProbability;0.025
BEST_EFFORT_GENETIC;IHIS;5;0;false;2147483647;0.2;0.4;0.8;0.05;0.2;10;100;true;true;300000;2147483647;true;4;14521;0.8209660559122881;0;mutationProbability;0.05
BEST_EFFORT_GENETIC;IHIS;5;0;false;2147483647;0.2;0.4;0.8;0.1;0.2;10;100;true;true;300000;2147483647;true;4;15572;0.8209660559122881;0;mutationProbability;0.1
BEST_EFFORT_GENETIC;IHIS;5;0;false;2147483647;0.2;0.4;0.8;0.05;0.2;10;100;true;true;300000;2147483647;true;4;21247;0.8209660559122881;0;immigrationFraction;0.2
BEST_EFFORT_GENETIC;IHIS;5;0;false;2147483647;0.2;0.4;0.8;0.05;0.4;10;100;true;true;300000;2147483647;true;4;17667;0.8209660559122881;0;immigrationFraction;0.4
BEST_EFFORT_GENETIC;IHIS;5;0;false;2147483647;0.2;0.4;0.8;0.05;0.6;10;100;true;true;300000;2147483647;true;4;18370;0.8209660559122881;0;immigrationFraction;0.6
BEST_EFFORT_GENETIC;IHIS;5;0;false;2147483647;0.2;0.4;0.8;0.05;0.8;10;100;true;true;300000;2147483647;true;4;22655;0.8209660559122881;0;immigrationFraction;0.8
BEST_EFFORT_GENETIC;IHIS;5;0;false;2147483647;0.2;0.4;0.8;0.05;0.2;5;100;true;true;300000;2147483647;true;4;16030;0.8209660559122881;0;immigrationInterval;5
BEST_EFFORT_GENETIC;IHIS;5;0;false;2147483647;0.2;0.4;0.8;0.05;0.2;10;100;true;true;300000;2147483647;true;4;17933;0.8209660559122881;0;immigrationInterval;10
BEST_EFFORT_GENETIC;IHIS;5;0;false;2147483647;0.2;0.4;0.8;0.05;0.2;20;100;true;true;300000;2147483647;true;4;19093;0.8209660559122881;0;immigrationInterval;20
BEST_EFFORT_GENETIC;IHIS;5;0;false;2147483647;0.2;0.4;0.8;0.05;0.2;10;50;true;true;300000;2147483647;true;4;10798;0.8209660559122881;0;subpopulationSize;50
BEST_EFFORT_GENETIC;IHIS;5;0;false;2147483647;0.2;0.4;0.8;0.05;0.2;10;100;true;true;300000;2147483647;true;4;16165;0.8209660559122881;0;subpopulationSize;100
BEST_EFFORT_GENETIC;IHIS;5;0;false;2147483647;0.2;0.4;0.8;0.05;0.2;10;200;true;true;300000;2147483647;true;4;34598;0.8209660559122881;0;subpopulationSize;200
BEST_EFFORT_GENETIC;ADULT;5;0;false;2147483647;0.2;0.4;0.8;0.05;0.2;10;100;true;true;300000;2147483647;true;5;232;0.7296212378705822;0;eliteFraction;0.2
BEST_EFFORT_GENETIC;ADULT;5;0;false;2147483647;0.4;0.4;0.8;0.05;0.2;10;100;true;true;300000;2147483647;true;5;483;0.7296212378705822;0;eliteFraction;0.4
BEST_EFFORT_GENETIC;ADULT;5;0;false;2147483647;0.6;0.4;0.8;0.05;0.2;10;100;true;true;300000;2147483647;true;5;356;0.7296212378705822;0;eliteFraction;0.6
BEST_EFFORT_GENETIC;ADULT;5;0;false;2147483647;0.8;0.4;0.8;0.05;0.2;10;100;true;true;300000;2147483647;true;5;358;0.7296212378705822;0;eliteFraction;0.8
BEST_EFFORT_GENETIC;ADULT;5;0;false;2147483647;0.2;0.2;0.8;0.05;0.2;10;100;true;true;300000;2147483647;true;5;367;0.7296212378705822;0;crossOverFraction;0.2
BEST_EFFORT_GENETIC;ADULT;5;0;false;2147483647;0.2;0.4;0.8;0.05;0.2;10;100;true;true;300000;2147483647;true;5;419;0.7296212378705822;0;crossOverFraction;0.4
BEST_EFFORT_GENETIC;ADULT;5;0;false;2147483647;0.2;0.6;0.8;0.05;0.2;10;100;true;true;300000;2147483647;true;5;238;0.7296212378705822;0;crossOverFraction;0.6
BEST_EFFORT_GENETIC;ADULT;5;0;false;2147483647;0.2;0.8;0.8;0.05;0.2;10;100;true;true;300000;2147483647;true;5;441;0.7296212378705822;0;crossOverFraction;0.8
BEST_EFFORT_GENETIC;ADULT;5;0;false;2147483647;0.2;0.4;0.2;0.05;0.2;10;100;true;true;300000;2147483647;true;5;284;0.7296212378705822;0;productionFraction;0.2
BEST_EFFORT_GENETIC;ADULT;5;0;false;2147483647;0.2;0.4;0.4;0.05;0.2;10;100;true;true;300000;2147483647;true;5;316;0.7296212378705822;0;productionFraction;0.4
BEST_EFFORT_GENETIC;ADULT;5;0;false;2147483647;0.2;0.4;0.6;0.05;0.2;10;100;true;true;300000;2147483647;true;5;316;0.7296212378705822;0;productionFraction;0.6
BEST_EFFORT_GENETIC;ADULT;5;0;false;2147483647;0.2;0.4;0.8;0.05;0.2;10;100;true;true;300000;2147483647;true;5;404;0.7296212378705822;0;productionFraction;0.8
BEST_EFFORT_GENETIC;ADULT;5;0;false;2147483647;0.2;0.4;0.8;0.025;0.2;10;100;true;true;300000;2147483647;true;5;112;0.7296212378705822;0;mutationProbability;0.025
BEST_EFFORT_GENETIC;ADULT;5;0;false;2147483647;0.2;0.4;0.8;0.05;0.2;10;100;true;true;300000;2147483647;true;5;400;0.7296212378705822;0;mutationProbability;0.05
BEST_EFFORT_GENETIC;ADULT;5;0;false;2147483647;0.2;0.4;0.8;0.1;0.2;10;100;true;true;300000;2147483647;true;5;411;0.7296212378705822;0;mutationProbability;0.1
BEST_EFFORT_GENETIC;ADULT;5;0;false;2147483647;0.2;0.4;0.8;0.05;0.2;10;100;true;true;300000;2147483647;true;5;405;0.7296212378705822;0;immigrationFraction;0.2
BEST_EFFORT_GENETIC;ADULT;5;0;false;2147483647;0.2;0.4;0.8;0.05;0.4;10;100;true;true;300000;2147483647;true;5;356;0.7296212378705822;0;immigrationFraction;0.4
BEST_EFFORT_GENETIC;ADULT;5;0;false;2147483647;0.2;0.4;0.8;0.05;0.6;10;100;true;true;300000;2147483647;true;5;443;0.7296212378705822;0;immigrationFraction;0.6
BEST_EFFORT_GENETIC;ADULT;5;0;false;2147483647;0.2;0.4;0.8;0.05;0.8;10;100;true;true;300000;2147483647;true;5;478;0.7296212378705822;0;immigrationFraction;0.8
BEST_EFFORT_GENETIC;ADULT;5;0;false;2147483647;0.2;0.4;0.8;0.05;0.2;5;100;true;true;300000;2147483647;true;5;450;0.7296212378705822;0;immigrationInterval;5
BEST_EFFORT_GENETIC;ADULT;5;0;false;2147483647;0.2;0.4;0.8;0.05;0.2;10;100;true;true;300000;2147483647;true;5;271;0.7296212378705822;0;immigrationInterval;10
BEST_EFFORT_GENETIC;ADULT;5;0;false;2147483647;0.2;0.4;0.8;0.05;0.2;20;100;true;true;300000;2147483647;true;5;229;0.7296212378705822;0;immigrationInterval;20
BEST_EFFORT_GENETIC;ADULT;5;0;false;2147483647;0.2;0.4;0.8;0.05;0.2;10;50;true;true;300000;2147483647;true;5;297;0.7296212378705822;0;subpopulationSize;50
BEST_EFFORT_GENETIC;ADULT;5;0;false;2147483647;0.2;0.4;0.8;0.05;0.2;10;100;true;true;300000;2147483647;true;5;367;0.7296212378705822;0;subpopulationSize;100
BEST_EFFORT_GENETIC;ADULT;5;0;false;2147483647;0.2;0.4;0.8;0.05;0.2;10;200;true;true;300000;2147483647;true;5;678;0.7296212378705822;0;subpopulationSize;200
BEST_EFFORT_GENETIC;ATUS;5;0;false;2147483647;0.2;0.4;0.8;0.05;0.2;10;100;true;true;300000;2147483647;true;5;7016;0.9000490313023302;0;eliteFraction;0.2
BEST_EFFORT_GENETIC;ATUS;5;0;false;2147483647;0.4;0.4;0.8;0.05;0.2;10;100;true;true;300000;2147483647;true;5;6607;0.9000490313023302;0;eliteFraction;0.4
BEST_EFFORT_GENETIC;ATUS;5;0;false;2147483647;0.6;0.4;0.8;0.05;0.2;10;100;true;true;300000;2147483647;true;5;5656;0.9000490313023302;0;eliteFraction;0.6
BEST_EFFORT_GENETIC;ATUS;5;0;false;2147483647;0.8;0.4;0.8;0.05;0.2;10;100;true;true;300000;2147483647;true;5;5334;0.9000490313023302;0;eliteFraction;0.8
BEST_EFFORT_GENETIC;ATUS;5;0;false;2147483647;0.2;0.2;0.8;0.05;0.2;10;100;true;true;300000;2147483647;true;5;5633;0.9000490313023302;0;crossOverFraction;0.2
BEST_EFFORT_GENETIC;ATUS;5;0;false;2147483647;0.2;0.4;0.8;0.05;0.2;10;100;true;true;300000;2147483647;true;5;6845;0.9000490313023302;0;crossOverFraction;0.4
BEST_EFFORT_GENETIC;ATUS;5;0;false;2147483647;0.2;0.6;0.8;0.05;0.2;10;100;true;true;300000;2147483647;true;5;5875;0.9000490313023302;0;crossOverFraction;0.6
BEST_EFFORT_GENETIC;ATUS;5;0;false;2147483647;0.2;0.8;0.8;0.05;0.2;10;100;true;true;300000;2147483647;true;5;6592;0.9000490313023302;0;crossOverFraction;0.8
BEST_EFFORT_GENETIC;ATUS;5;0;false;2147483647;0.2;0.4;0.2;0.05;0.2;10;100;true;true;300000;2147483647;true;5;4769;0.9000490313023302;0;productionFraction;0.2
BEST_EFFORT_GENETIC;ATUS;5;0;false;2147483647;0.2;0.4;0.4;0.05;0.2;10;100;true;true;300000;2147483647;true;5;5199;0.9000490313023302;0;productionFraction;0.4
BEST_EFFORT_GENETIC;ATUS;5;0;false;2147483647;0.2;0.4;0.6;0.05;0.2;10;100;true;true;300000;2147483647;true;5;4937;0.9000490313023302;0;productionFraction;0.6
BEST_EFFORT_GENETIC;ATUS;5;0;false;2147483647;0.2;0.4;0.8;0.05;0.2;10;100;true;true;300000;2147483647;true;5;6302;0.9000490313023302;0;productionFraction;0.8
BEST_EFFORT_GENETIC;ATUS;5;0;false;2147483647;0.2;0.4;0.8;0.025;0.2;10;100;true;true;300000;2147483647;true;5;6873;0.9000490313023302;0;mutationProbability;0.025
BEST_EFFORT_GENETIC;ATUS;5;0;false;2147483647;0.2;0.4;0.8;0.05;0.2;10;100;true;true;300000;2147483647;true;5;5983;0.9000490313023302;0;mutationProbability;0.05
BEST_EFFORT_GENETIC;ATUS;5;0;false;2147483647;0.2;0.4;0.8;0.1;0.2;10;100;true;true;300000;2147483647;true;5;6045;0.9000490313023302;0;mutationProbability;0.1
BEST_EFFORT_GENETIC;ATUS;5;0;false;2147483647;0.2;0.4;0.8;0.05;0.2;10;100;true;true;300000;2147483647;true;5;7781;0.9000490313023302;0;immigrationFraction;0.2
BEST_EFFORT_GENETIC;ATUS;5;0;false;2147483647;0.2;0.4;0.8;0.05;0.4;10;100;true;true;300000;2147483647;true;5;6611;0.9000490313023302;0;immigrationFraction;0.4
BEST_EFFORT_GENETIC;ATUS;5;0;false;2147483647;0.2;0.4;0.8;0.05;0.6;10;100;true;true;300000;2147483647;true;5;6807;0.9000490313023302;0;immigrationFraction;0.6
BEST_EFFORT_GENETIC;ATUS;5;0;false;2147483647;0.2;0.4;0.8;0.05;0.8;10;100;true;true;300000;2147483647;true;5;5716;0.9000490313023302;0;immigrationFraction;0.8
BEST_EFFORT_GENETIC;ATUS;5;0;false;2147483647;0.2;0.4;0.8;0.05;0.2;5;100;true;true;300000;2147483647;true;5;7824;0.9000490313023302;0;immigrationInterval;5
BEST_EFFORT_GENETIC;ATUS;5;0;false;2147483647;0.2;0.4;0.8;0.05;0.2;10;100;true;true;300000;2147483647;true;5;5844;0.9000490313023302;0;immigrationInterval;10
BEST_EFFORT_GENETIC;ATUS;5;0;false;2147483647;0.2;0.4;0.8;0.05;0.2;20;100;true;true;300000;2147483647;true;5;5477;0.9000490313023302;0;immigrationInterval;20
BEST_EFFORT_GENETIC;ATUS;5;0;false;2147483647;0.2;0.4;0.8;0.05;0.2;10;50;true;true;300000;2147483647;true;5;3461;0.9000490313023302;0;subpopulationSize;50
BEST_EFFORT_GENETIC;ATUS;5;0;false;2147483647;0.2;0.4;0.8;0.05;0.2;10;100;true;true;300000;2147483647;true;5;6417;0.9000490313023302;0;subpopulationSize;100
BEST_EFFORT_GENETIC;ATUS;5;0;false;2147483647;0.2;0.4;0.8;0.05;0.2;10;200;true;true;300000;2147483647;true;5;9580;0.9000490313023302;0;subpopulationSize;200
BEST_EFFORT_GENETIC;IHIS;5;0;false;2147483647;0.2;0.4;0.8;0.05;0.2;10;100;true;true;300000;2147483647;true;5;21351;0.8209660559122881;0;eliteFraction;0.2
BEST_EFFORT_GENETIC;IHIS;5;0;false;2147483647;0.4;0.4;0.8;0.05;0.2;10;100;true;true;300000;2147483647;true;5;19696;0.8209660559122881;0;eliteFraction;0.4
BEST_EFFORT_GENETIC;IHIS;5;0;false;2147483647;0.6;0.4;0.8;0.05;0.2;10;100;true;true;300000;2147483647;true;5;16129;0.8209660559122881;0;eliteFraction;0.6
BEST_EFFORT_GENETIC;IHIS;5;0;false;2147483647;0.8;0.4;0.8;0.05;0.2;10;100;true;true;300000;2147483647;true;5;15601;0.8209660559122881;0;eliteFraction;0.8
BEST_EFFORT_GENETIC;IHIS;5;0;false;2147483647;0.2;0.2;0.8;0.05;0.2;10;100;true;true;300000;2147483647;true;5;20370;0.8209660559122881;0;crossOverFraction;0.2
BEST_EFFORT_GENETIC;IHIS;5;0;false;2147483647;0.2;0.4;0.8;0.05;0.2;10;100;true;true;300000;2147483647;true;5;19064;0.8209660559122881;0;crossOverFraction;0.4
BEST_EFFORT_GENETIC;IHIS;5;0;false;2147483647;0.2;0.6;0.8;0.05;0.2;10;100;true;true;300000;2147483647;true;5;17896;0.8209660559122881;0;crossOverFraction;0.6
BEST_EFFORT_GENETIC;IHIS;5;0;false;2147483647;0.2;0.8;0.8;0.05;0.2;10;100;true;true;300000;2147483647;true;5;18266;0.8209660559122881;0;crossOverFraction;0.8
BEST_EFFORT_GENETIC;IHIS;5;0;false;2147483647;0.2;0.4;0.2;0.05;0.2;10;100;true;true;300000;2147483647;true;5;13015;0.8209660559122881;0;productionFraction;0.2
BEST_EFFORT_GENETIC;IHIS;5;0;false;2147483647;0.2;0.4;0.4;0.05;0.2;10;100;true;true;300000;2147483647;true;5;16081;0.8209660559122881;0;productionFraction;0.4
BEST_EFFORT_GENETIC;IHIS;5;0;false;2147483647;0.2;0.4;0.6;0.05;0.2;10;100;true;true;300000;2147483647;true;5;15529;0.8209660559122881;0;productionFraction;0.6
BEST_EFFORT_GENETIC;IHIS;5;0;false;2147483647;0.2;0.4;0.8;0.05;0.2;10;100;true;true;300000;2147483647;true;5;18725;0.8209660559122881;0;productionFraction;0.8
BEST_EFFORT_GENETIC;IHIS;5;0;false;2147483647;0.2;0.4;0.8;0.025;0.2;10;100;true;true;300000;2147483647;true;5;9645;0.8209660559122881;0;mutationProbability;0.025
BEST_EFFORT_GENETIC;IHIS;5;0;false;2147483647;0.2;0.4;0.8;0.05;0.2;10;100;true;true;300000;2147483647;true;5;7653;0.8209660559122881;0;mutationProbability;0.05
BEST_EFFORT_GENETIC;IHIS;5;0;false;2147483647;0.2;0.4;0.8;0.1;0.2;10;100;true;true;300000;2147483647;true;5;16872;0.8209660559122881;0;mutationProbability;0.1
BEST_EFFORT_GENETIC;IHIS;5;0;false;2147483647;0.2;0.4;0.8;0.05;0.2;10;100;true;true;300000;2147483647;true;5;17850;0.8209660559122881;0;immigrationFraction;0.2
BEST_EFFORT_GENETIC;IHIS;5;0;false;2147483647;0.2;0.4;0.8;0.05;0.4;10;100;true;true;300000;2147483647;true;5;19291;0.8209660559122881;0;immigrationFraction;0.4
BEST_EFFORT_GENETIC;IHIS;5;0;false;2147483647;0.2;0.4;0.8;0.05;0.6;10;100;true;true;300000;2147483647;true;5;19437;0.8209660559122881;0;immigrationFraction;0.6
BEST_EFFORT_GENETIC;IHIS;5;0;false;2147483647;0.2;0.4;0.8;0.05;0.8;10;100;true;true;300000;2147483647;true;5;16661;0.8209660559122881;0;immigrationFraction;0.8
BEST_EFFORT_GENETIC;IHIS;5;0;false;2147483647;0.2;0.4;0.8;0.05;0.2;5;100;true;true;300000;2147483647;true;5;20957;0.8209660559122881;0;immigrationInterval;5
BEST_EFFORT_GENETIC;IHIS;5;0;false;2147483647;0.2;0.4;0.8;0.05;0.2;10;100;true;true;300000;2147483647;true;5;16081;0.8209660559122881;0;immigrationInterval;10
BEST_EFFORT_GENETIC;IHIS;5;0;false;2147483647;0.2;0.4;0.8;0.05;0.2;20;100;true;true;300000;2147483647;true;5;12650;0.8209660559122881;0;immigrationInterval;20
BEST_EFFORT_GENETIC;IHIS;5;0;false;2147483647;0.2;0.4;0.8;0.05;0.2;10;50;true;true;300000;2147483647;true;5;11881;0.8209660559122881;0;subpopulationSize;50
BEST_EFFORT_GENETIC;IHIS;5;0;false;2147483647;0.2;0.4;0.8;0.05;0.2;10;100;true;true;300000;2147483647;true;5;13289;0.8209660559122881;0;subpopulationSize;100
BEST_EFFORT_GENETIC;IHIS;5;0;false;2147483647;0.2;0.4;0.8;0.05;0.2;10;200;true;true;300000;2147483647;true;5;30863;0.8209660559122881;0;subpopulationSize;200
